{"cameraMode":{"drawMode":0,"name":"Shaded","section":"Shading Mode"},"sceneLighting":true,"audioPlay":false,"sceneViewState":{"m_AlwaysRefresh":false,"showFog":true,"showSkybox":true,"showFlares":true,"showImageEffects":true,"showParticleSystems":true,"showVisualEffectGraphs":true,"m_FxEnabled":true},"in2DMode":false,"pivot":{"x":1.0732096433639527,"y":-15.306516647338868,"z":47.1482048034668},"rotation":{"x":-0.32970112562179568,"y":-0.013568252325057984,"z":0.004758101888000965,"w":-0.944047212600708},"size":24.140634536743165,"orthographic":false}